{
    "name": "root",
    "gauges": {
        "CubeAgent.Policy.Entropy.mean": {
            "value": 1.3697736263275146,
            "min": 1.3697736263275146,
            "max": 1.3812559843063354,
            "count": 10
        },
        "CubeAgent.Policy.Entropy.sum": {
            "value": 2714.891357421875,
            "min": 2277.691162109375,
            "max": 2788.999267578125,
            "count": 10
        },
        "CubeAgent.Environment.EpisodeLength.mean": {
            "value": 40.291666666666664,
            "min": 35.163636363636364,
            "max": 40.291666666666664,
            "count": 10
        },
        "CubeAgent.Environment.EpisodeLength.sum": {
            "value": 1934.0,
            "min": 1608.0,
            "max": 1970.0,
            "count": 10
        },
        "CubeAgent.Step.mean": {
            "value": 75977.0,
            "min": 57983.0,
            "max": 75977.0,
            "count": 10
        },
        "CubeAgent.Step.sum": {
            "value": 75977.0,
            "min": 57983.0,
            "max": 75977.0,
            "count": 10
        },
        "CubeAgent.Policy.ExtrinsicValueEstimate.mean": {
            "value": 0.4078178405761719,
            "min": 0.19544164836406708,
            "max": 0.4877113997936249,
            "count": 10
        },
        "CubeAgent.Policy.ExtrinsicValueEstimate.sum": {
            "value": 19.57525634765625,
            "min": 10.358407020568848,
            "max": 26.824127197265625,
            "count": 10
        },
        "CubeAgent.Environment.CumulativeReward.mean": {
            "value": 0.4583333333333333,
            "min": 0.11538461538461539,
            "max": 0.4909090909090909,
            "count": 10
        },
        "CubeAgent.Environment.CumulativeReward.sum": {
            "value": 22.0,
            "min": 6.0,
            "max": 27.0,
            "count": 10
        },
        "CubeAgent.Policy.ExtrinsicReward.mean": {
            "value": 0.4583333333333333,
            "min": 0.11538461538461539,
            "max": 0.4909090909090909,
            "count": 10
        },
        "CubeAgent.Policy.ExtrinsicReward.sum": {
            "value": 22.0,
            "min": 6.0,
            "max": 27.0,
            "count": 10
        },
        "CubeAgent.Losses.PolicyLoss.mean": {
            "value": 0.24680269836759053,
            "min": 0.22265990305631803,
            "max": 0.2526935673092262,
            "count": 10
        },
        "CubeAgent.Losses.PolicyLoss.sum": {
            "value": 3.9488431738814485,
            "min": 3.1860003139748314,
            "max": 4.295790644256845,
            "count": 10
        },
        "CubeAgent.Losses.ValueLoss.mean": {
            "value": 0.33381503445932836,
            "min": 0.28697839853691004,
            "max": 0.40003170970283153,
            "count": 10
        },
        "CubeAgent.Losses.ValueLoss.sum": {
            "value": 5.341040551349254,
            "min": 3.7307191809798304,
            "max": 6.4005073552453045,
            "count": 10
        },
        "CubeAgent.Policy.LearningRate.mean": {
            "value": 7.4947950017375e-05,
            "min": 7.4947950017375e-05,
            "max": 0.00012846444179392307,
            "count": 10
        },
        "CubeAgent.Policy.LearningRate.sum": {
            "value": 0.001199167200278,
            "min": 0.001199167200278,
            "max": 0.0019899790366739996,
            "count": 10
        },
        "CubeAgent.Policy.Epsilon.mean": {
            "value": 0.12498262500000001,
            "min": 0.12498262500000001,
            "max": 0.14282146153846156,
            "count": 10
        },
        "CubeAgent.Policy.Epsilon.sum": {
            "value": 1.9997220000000002,
            "min": 1.8566790000000002,
            "max": 2.3633260000000003,
            "count": 10
        },
        "CubeAgent.Policy.Beta.mean": {
            "value": 0.0005,
            "min": 0.0005,
            "max": 0.0005000000000000002,
            "count": 10
        },
        "CubeAgent.Policy.Beta.sum": {
            "value": 0.008,
            "min": 0.006500000000000002,
            "max": 0.0085,
            "count": 10
        },
        "CubeAgent.IsTraining.mean": {
            "value": 1.0,
            "min": 1.0,
            "max": 1.0,
            "count": 10
        },
        "CubeAgent.IsTraining.sum": {
            "value": 1.0,
            "min": 1.0,
            "max": 1.0,
            "count": 10
        }
    },
    "metadata": {
        "timer_format_version": "0.1.0",
        "start_time_seconds": "1714078591",
        "python_version": "3.9.18 (main, Sep 11 2023, 14:09:26) [MSC v.1916 64 bit (AMD64)]",
        "command_line_arguments": "C:\\Users\\miche\\anaconda3\\envs\\vr\\Scripts\\mlagents-learn config/CubeAgent.yaml --run-id=test2 --resume",
        "mlagents_version": "0.30.0",
        "mlagents_envs_version": "0.30.0",
        "communication_protocol_version": "1.5.0",
        "pytorch_version": "1.7.1+cu110",
        "numpy_version": "1.21.2",
        "end_time_seconds": "1714078923"
    },
    "total": 331.578972,
    "count": 1,
    "self": 0.006169100000079197,
    "children": {
        "run_training.setup": {
            "total": 0.08734960000000014,
            "count": 1,
            "self": 0.08734960000000014
        },
        "TrainerController.start_learning": {
            "total": 331.48545329999996,
            "count": 1,
            "self": 0.3976241000010532,
            "children": {
                "TrainerController._reset_env": {
                    "total": 19.5207036,
                    "count": 1,
                    "self": 19.5207036
                },
                "TrainerController.advance": {
                    "total": 311.4101169999989,
                    "count": 20974,
                    "self": 0.3290203000022416,
                    "children": {
                        "env_step": {
                            "total": 257.3722637000004,
                            "count": 20974,
                            "self": 185.49481949999938,
                            "children": {
                                "SubprocessEnvManager._take_step": {
                                    "total": 71.64780580000158,
                                    "count": 20974,
                                    "self": 1.00913860000054,
                                    "children": {
                                        "TorchPolicy.evaluate": {
                                            "total": 70.63866720000104,
                                            "count": 20544,
                                            "self": 70.63866720000104
                                        }
                                    }
                                },
                                "workers": {
                                    "total": 0.2296383999994447,
                                    "count": 20973,
                                    "self": 0.0,
                                    "children": {
                                        "worker_root": {
                                            "total": 208.17865170000036,
                                            "count": 20973,
                                            "is_parallel": true,
                                            "self": 144.6772197000023,
                                            "children": {
                                                "steps_from_proto": {
                                                    "total": 0.0014807999999995047,
                                                    "count": 1,
                                                    "is_parallel": true,
                                                    "self": 0.0002969000000021538,